Name,Average
Alice,85.0
Bob,68.33333333333333
Charlie,93.33333333333333
